Acura,CL
Acura,MDX
Acura,NSX
Acura,RDX
Acura,RL
Acura,RSX
Acura,TL
Acura,TSX
Acura,ZDX
Alfa-Romeo,8c
Aston-Martin,DB7
Aston-Martin,DB9
Aston-Martin,DBS
Aston-Martin,Rapide
Aston-Martin,V
Aston-Martin,V12
Aston-Martin,Vanquish
Aston-Martin,Vantage
Aston-Martin,(blank)
Audi,A3
Audi,A4
Audi,A5
Audi,A6
Audi,A8
Audi,Q5
Audi,Q7
Audi,R8
Audi,RS4
Audi,S4
Audi,S5
Audi,S6
Audi,S8
Audi,TT
Audi,TTS
Audi,IGNOREME
Audi,(blank)
Bentley,Arnage
Bentley,Azure
Bentley,Brooklands
Bentley,Continental
BMW,1
BMW,3
BMW,5
BMW,6
BMW,7
BMW,M5
BMW,X3
BMW,X5
BMW,X6
BMW,Z
BMW,Z8
Buick,Century
Buick,Enclave
Buick,Lacrosse
Buick,LeSabre
Buick,LUCERNE
Buick,Park
Buick,RAINIER
Buick,Regal
Buick,Rendezvous
Buick,TERRAZA
Cadillac,CTS
Cadillac,Deville
Cadillac,DTS
Cadillac,Escalade
Cadillac,Seville
Cadillac,SRX
Cadillac,STS
Cadillac,XLR
Chevrolet,Astro
Chevrolet,Avalanche
Chevrolet,AVEO
Chevrolet,Blazer
Chevrolet,Camaro
Chevrolet,Cavalier
Chevrolet,CLASSIC
Chevrolet,COBALT
Chevrolet,Colorado
Chevrolet,Corvette
Chevrolet,Cruze
Chevrolet,Equinox
Chevrolet,G1500
Chevrolet,G2500
Chevrolet,G3500
Chevrolet,HHR
Chevrolet,Impala
Chevrolet,MALIBU
Chevrolet,Monte
Chevrolet,S10
Chevrolet,Silverado
Chevrolet,SSR
Chevrolet,Suburban
Chevrolet,Tahoe
Chevrolet,TRACKER
Chevrolet,Trailblazer
Chevrolet,Traverse
Chevrolet,UPLANDER
Chevrolet,Venture
Chevrolet,Volt
Chrysler,200
Chrysler,300
Chrysler,300M
Chrysler,ASPEN
Chrysler,Concorde
Chrysler,CROSSFIRE
Chrysler,PACIFICA
Chrysler,PT
Chrysler,SEBRING
Chrysler,Town
Chrysler,Voyager
Dodge,Avenger
Dodge,CALIBER
Dodge,Caravan
Dodge,Challenger
Dodge,CHARGER
Dodge,Dakota
Dodge,Durango
Dodge,Grand
Dodge,Intrepid
Dodge,Journey
Dodge,MAGNUM
Dodge,Neon
Dodge,NITRO
Dodge,Ram
Dodge,SRT
Dodge,STRATUS
Dodge,VIPER
Ferrari,360
Ferrari,430
Ferrari,458
Ferrari,599
Ferrari,612
Ferrari,456M
Ferrari,575M
Ferrari,California
Ferrari,Enzo
Ferrari,F
Ferrari,F430
Ford,Crown
Ford,Econoline
Ford,EDGE
Ford,Escape
Ford,Excursion
Ford,Expedition
Ford,Explorer
Ford,F150
Ford,F250
Ford,F350
Ford,Fiesta
Ford,FIVE
Ford,Flex
Ford,Focus
Ford,Ford
Ford,FREESTAR
Ford,FREESTYLE
Ford,FUSION
Ford,Mustang
Ford,Ranger
Ford,Taurus
Ford,Thunderbird
Ford,Windstar
Ford,ZX2
GMC,ACADIA
GMC,Canyon
GMC,Denali
GMC,Envoy
GMC,G1500
GMC,G2500
GMC,G3500
GMC,Safari
GMC,Sierra
GMC,Sonoma
GMC,Terrain
GMC,Yukon
Honda,Accord
Honda,Civic
Honda,CR
Honda,Element
Honda,FIT
Honda,Insight
Honda,Odyssey
Honda,Pilot
Honda,Ridgeline
Honda,S2000
Hummer,H1
Hummer,H2
Hummer,H3
Hummer,H3T
Hyundai,Accent
Hyundai,AZERA
Hyundai,Elantra
Hyundai,ENTOURAGE
Hyundai,Equus
Hyundai,Genesis
Hyundai,Santa
Hyundai,Sonata
Hyundai,Tiburon
Hyundai,Tucson
Hyundai,VERACRUZ
Hyundai,XG350
Infiniti,EX35
Infiniti,FX
Infiniti,G25
Infiniti,G35
Infiniti,G37
Infiniti,I35
Infiniti,M35
Infiniti,M37
Infiniti,M45
Infiniti,M56
Infiniti,Q45
Infiniti,QX4
Infiniti,QX56
Isuzu,ASCENDER
Isuzu,Axiom
Isuzu,i
Isuzu,Rodeo
Jaguar,S
Jaguar,X
Jaguar,XF
Jaguar,XJ8
Jaguar,XK8
Jaguar,XKR
Jeep,Commander
Jeep,Compass
Jeep,Grand
Jeep,Liberty
Jeep,Patriot
Jeep,Wrangler
Kia,2006
Kia,AMANTI
Kia,Borrego
Kia,Forte
Kia,NEW
Kia,Optima
Kia,Rio
Kia,RONDO
Kia,Sedona
Kia,Sorento
Kia,Soul
Kia,Spectra
Kia,Sportage
Lamborghini,Diablo
Lamborghini,Gallardo
Lamborghini,Murcielago
Land-Rover,Discovery
Land-Rover,FREELANDER
Land-Rover,LR2
Land-Rover,LR3
Land-Rover,LR4
Land-Rover,Range
Lexus,CT
Lexus,ES
Lexus,GS
Lexus,GS300
Lexus,GS430
Lexus,GX460
Lexus,GX470
Lexus,HS
Lexus,IS
Lexus,LS
Lexus,LX470
Lexus,LX570
Lexus,RX300
Lexus,RX330
Lexus,RX350
Lexus,RX400h
Lexus,RX450H
Lexus,SC
Lincoln,Aviator
Lincoln,LS
Lincoln,MARK
Lincoln,MKS
Lincoln,MKT
Lincoln,MKX
Lincoln,MKZ
Lincoln,Navigator
Lincoln,Town
Lincoln,ZEPHYR
Lotus,Elise
Lotus,Esprit
Lotus,Evora
Lotus,Exige
Maserati,Cambiocorsa
Maserati,GRAN
Maserati,Gransport
Maserati,Maserati
Maserati,Quattroporte
Maybach,Maybach
Mazda,B2300
Mazda,B3000
Mazda,B4000
Mazda,CX
Mazda,Mazda2
Mazda,MAZDA3
Mazda,MAZDA5
Mazda,Mazda6
Mazda,MAZDASPEED6
Mazda,MPV
Mazda,MX
Mazda,Protege
Mazda,RX
Mazda,Tribute
Mercedes-Benz,C
Mercedes-Benz,CL
Mercedes-Benz,CL65
Mercedes-Benz,CLK
Mercedes-Benz,CLK63
Mercedes-Benz,CLS
Mercedes-Benz,E
Mercedes-Benz,G500
Mercedes-Benz,G55
Mercedes-Benz,G550
Mercedes-Benz,GL
Mercedes-Benz,GLK
Mercedes-Benz,M
Mercedes-Benz,R
Mercedes-Benz,S
Mercedes-Benz,S65
Mercedes-Benz,SL
Mercedes-Benz,SL65
Mercedes-Benz,SLK
Mercedes-Benz,SLR
Mercury,Grand
Mercury,Marauder
Mercury,MARINER
Mercury,MILAN
Mercury,MONTEGO
Mercury,MONTEREY
Mercury,Mountaineer
Mercury,Sable
MINI,Cooper
Mitsubishi,Diamante
Mitsubishi,Eclipse
Mitsubishi,Endeavor
Mitsubishi,Galant
Mitsubishi,Lancer
Mitsubishi,Montero
Mitsubishi,Outlander
Mitsubishi,Raider
Nissan,350Z
Nissan,370Z
Nissan,Altima
Nissan,Armada
Nissan,Cube
Nissan,FRONTIER
Nissan,GT
Nissan,Juke
Nissan,Leaf
Nissan,Maxima
Nissan,Murano
Nissan,Pathfinder
Nissan,Quest
Nissan,Rogue
Nissan,Sentra
Nissan,Titan
Nissan,VERSA
Nissan,Xterra
Oldsmobile,Alero
Oldsmobile,Aurora
Oldsmobile,Bravada
Oldsmobile,Silhouette
Panoz,Esperante
Panoz,Magnussen
Pontiac,Aztek
Pontiac,Bonneville
Pontiac,G3
Pontiac,G5
Pontiac,G6
Pontiac,G8
Pontiac,Grand
Pontiac,GTO
Pontiac,MONTANA
Pontiac,Solstice
Pontiac,Sunfire
Pontiac,Torrent
Pontiac,Vibe
Porsche,911
Porsche,996
Porsche,Boxster
Porsche,Cayenne
Porsche,Cayman
Porsche,Panamera
Ram-Truck,Dakota
Ram-Truck,Ram
Rolls-Royce,Ghost
Rolls-Royce,Phantom
Saab,9
Saturn,ASTRA
Saturn,Aura
Saturn,Ion
Saturn,L
Saturn,OUTLOOK
Saturn,RELAY
Saturn,Sky
Saturn,Vue
Scion,tC
Scion,xA
Scion,xB
Scion,xD
Smart,FORTWO
Subaru,B9
Subaru,Baja
Subaru,Forester
Subaru,Impreza
Subaru,Legacy
Subaru,Tribeca
Suzuki,Aerio
Suzuki,Equator
Suzuki,FORENZA
Suzuki,Grand
Suzuki,Kizashi
Suzuki,RENO
Suzuki,SX4
Suzuki,VERONA
Suzuki,VITARA
Suzuki,XL
Tesla-Motors,Tesla
Toyota,4Runner
Toyota,Avalon
Toyota,Camry
Toyota,Celica
Toyota,Corolla
Toyota,Echo
Toyota,FJ
Toyota,Highlander
Toyota,Land
Toyota,Matrix
Toyota,MR2
Toyota,Prius
Toyota,RAV4
Toyota,Sequoia
Toyota,Sienna
Toyota,Tacoma
Toyota,Tundra
Toyota,Venza
Toyota,YARIS
Volkswagen,2005
Volkswagen,CC
Volkswagen,EOS
Volkswagen,Eurovan
Volkswagen,Golf
Volkswagen,GTI
Volkswagen,Jetta
Volkswagen,Beetle
Volkswagen,Passat
Volkswagen,PHAETON
Volkswagen,R32
Volkswagen,Rabbit
Volkswagen,Routan
Volkswagen,Tiguan
Volkswagen,Touareg
Volvo,C30
Volvo,C70
Volvo,S40
Volvo,S60
Volvo,S80
Volvo,V40
Volvo,V50
Volvo,V70
Volvo,XC60
Volvo,XC90
