ACURA,ACURA
ADIRONDAC,ADIRONDAC
ADVENTURE,ADVENTURE
AIRSTREAM,AIRSTREAM
ALFA,ALFA ROMEO
ALFA ROMEO,ALFA ROMEO
ALL AMER,ALL AMERICAN
ALLAMEREI,ALL AMERICAN
ALLEGRO,ALLEGRO
ALUMA WEL,UNREADABLE
ALUMACAR,UNREADABLE
AM GENERAL,UNREADABLE
AMC,AMC
AMERICAN,ALL AMERICAN
AMERICAN I,ALL AMERICAN
AND ROVER,LAND ROVER
ANKIN,UNREADABLE
APE CRAFT,UNREADABLE
ARCTIC CAT,UNREADABLE
ARLEYDAV,HARLEY DAVIDSON
ASTON MART,ASTON MARTIN
AUDI,AUDI
AUSTIN,AUSTIN
AVANTI,AVANTI
AWASAKI,KAWASAKI
AYFLIGHT,UNREADABLE
B M W,BMW
BAJA,UNREADABLE
BARON,UNREADABLE
BASSTRACKE,BASSTRACKER
BAYLINER,BAYLINER
BBLUEBIRD,BLUEBIRD
BENTLEY,BENTLEY
BIG TEX,BIG TEX
BISON,BISON
BLACK THU,UNREADABLE
BMC,BMC
BMW,BMW
BMW TRUCK,BMW
BOAT,UNREADABLE
BOURGETS,BOURGETS
BRANSON,BRANSON
BRYANT,BRYANT
BUELL,BUELL
BUICK,BUICK
BUICK TK,BUICK
BUICK TRK,BUICK
BUMBLE BE,BUMBLE BEE
C&amp;C,C&C
CAD TRUCK,CADILLAC
CADI TRUCK,CADILLAC
CADILLAC,CADILLAC
CADILLC TK,CADILLAC
CAMMANDO,COMMANDO
CANAM,CAN-AM
CAN-AM,CAN-AM
CARAVELLE,CARAVELLE
CARGOPRO,CARGOPRO
CAROLINA,CAROLINA
CHALLENGER,CHALLENGER
CHAMPION,CHAMPION
CHAPARRAL,CHAPARRAL
CHEROKEE,CHEROKEE
CHEV TK,CHEVROLET
CHEV TRUCK,CHEVROLET
CHEVFROLET,CHEVROLET
CHEVORLET,CHEVROLET
CHEVROLET,CHEVROLET
CHEVY,CHEVROLET
CHRY TRUCK,CHRYSLER
CHRYS TRK,CHRYSLER
CHRYSLER,CHRYSLER
CION,SCION
CLARK,CLARK
CLEARWATER,CLEARWATER
CLUB CAR,CLUB CAR
CLUBCAR,CLUB WAR
COACHMAN,COACHMEN
COACHMEN,COACHMEN
CONTINENT,CONTINENT
CONTNENT,CONTINENT
CRESTLINER,CRESTLINER
CROSSROAD,CROSSROADS
CROSSROADS,CROSSROADS
CROWN,CROWNLINE
CROWNLINE,CROWNLINE
CUTAWAY,CUTAWAY
CXXXXX,UNREADABLE
DAEWOO,DAEWOO
DAMON,DAMON
DATSUN,DATSUN
DENALI,DENALI
DESIGN,DESIGN
DIAMONDBA,UNREADABLE
DMI,DMI
DODG TRUCK,DODGE
DODGE,DODGE
DODGE TK,DODGE
DOONAN,DOONAN
DORSEY,DORSEY
DUTCHMAN,DUTCHMAN
EAGLE,EAGLE
EBBTIDE,UNREADABLE
EIGHTLIN,UNREADABLE
ELDORADO,EL DORADO
ELITE,ELITE
EM,EM
EQUINE,EQUINE
ESSEX,ESSEX
EVANS,EVANS
EVERGLADE,EVERGLADE
EXGO,EZ-GO
EXTREME,EXTREME
EZ LOADER,EZ LOADER
EZGO,EZ-GO
EZ-GO,EZ-GO
FABRIQUE,FABRIQUE
FERRARI,FERRARI
FIAT,FIAT
FLAGSTAFF,FLAGSTAFF
FLAIR,FLAIR
FLEETWOOD,FLEETWOOD
FORD,FORD
FORD TRUCK,FORD
FOREST RI,FOREST RIVER
FOREST RIV,FOREST RIVER
FOREST RV,FOREST RIVER
FORESTRIV,FOREST RIVER
FORESTRIVE,FOREST RIVER
FORESTRVR,FOREST RIVER
FOUR WINDS,FOUR WINDS
FREIGHTLI,FREIGHTLINER
FREIGHTLIN,FREIGHTLINER
FREIGHTLNR,FREIGHTLINER
FRIGHTLIN,FREIGHTLINER
FRUEHAUF,FREUHAUF
G3,G3
GEM,GEM
GENERATOR,GENERATOR
GEO,UNREADABLE
GEORGIEB,GEORGIE BOY
GEORGIEBO,GEORGIE BOY
GEORGIEBOY,GEORGIE BOY
GILLIG,GILLIG
GKRT,UNREADABLE
GLADIATOR,GLADIATOR
GLASTRON,GLASTRON
GMC,GMC
GMC TK,GMC
GMC TRUCK,GMC
GOOSENECK,GOOSENECK
GREAT DANE,GREAT DANE
GREATDANE,GREAT DANE
GROVE,GROVE
GULF STRM,GULFSTREAM
GULFSTREA,GULFSTREAM
GULFSTREAM,GULFSTREAM
GULFSTREM,GULFSTREAM
HACKNEY,HACKNEY
HARDTOP,HARDTOP
HARLEXDAV,HARLEY DAVIDSON
HARLEY,HARLEY DAVIDSON
HARLEY DAV,HARLEY DAVIDSON
HARLEYDAV,HARLEY DAVIDSON
HARLEY-DAV,HARLEY DAVIDSON
HAULMARK,HAULMARK
HAWK,HAWK
HDK G/CAR,HDK
HEARTLAND,HEARTLAND
HINO,HINO
HOLDAY,HOLIDAY RAMBLER
HOLIDAYRA,HOLIDAY RAMBLER
HOLIDAYRAM,HOLIDAY RAMBLER
HONDA,HONDA
HONDA TK,HONDA
HRLEY DAV,HARLEY DAVIDSON
HUMM TRUCK,HUMMER
HUMMER,HUMMER
HY-LINE,HY-LINE
HYSTER,HYSTER
HYUNDAI,HYUNDAI
INFINITI,INFINITI
INFINITY,INFINITI
INFINITY.,INFINITI
INI,UNREADABLE
INTER,INTERNATIONAL
INTER TK,INTERNATIONAL
INTERNAT,INTERNATIONAL
INTERNATI,INTERNATIONAL
INTERNATIO,INTERNATIONAL
INTERNATL,INTERNATIONAL
INTRNATAL,INTERNATIONAL
INTRNATNL,INTERNATIONAL
ION,ION
IRONWORKS,IRONWORKS
ISUZU,ISUZU
ISUZU TK,ISUZU
ITASCA,ITASCA
JAGUAR,JAGUAR
JAYCO,JAYCO
JEEP,JEEP
JEEP TRUCK,JEEP
JINCHENG,JINCHENG
JONWAY,JONWAY
KAIT,KAIT
KARAVAN,KARAVAN
KAWASAKI,KAWASAKI
KAWASKAI,KAWASAKI
KENWORTH,KENWORTH
KEYLARGO,KEY LARGO
KEYSTONE,KEYSTONE
KIA,KIA
KING OF TH,UNREADABLE
KOUNTRY S,UNREADABLE
LAMBORGHI,LAMBORGHINI
LAMBORGHIN,LAMBORGHINI
LAMBORGIN,LAMBORGHINI
LAND ROVER,LAND ROVER
LANDROVER,LAND ROVER
LARSON,LARSON
LEIPAI,LEIPAI
LEXU TRUCK,LEXUS
LEXUS,LEXUS
LEXUS TK,LEXUS
LINC TRUCK,LINCOLN
LINCOIN,LINCOLN
LINCOLN,LINCOLN
LINCOLN TK,LINCOLN
LK150GY2,UNREADABLE
LLS-ROYC,ROLLS-ROYCE
LOAD TRL,UNREADABLE
LOOK,UNREADABLE
LOTUS,LOTUS
MACK,MACK
MAGT,UNREADABLE
MAKO,MAKO
MARADA,MARADA
MART,MART
MASERATI,MASERATI
MASTERCRA,MASTERCRAFT
MASTERCRFT,MASTERCRAFT
MAXUM,MAXUM
MAZDA,MAZDA
MAZDA TK,MAZDA
MB SPORTS,MB
MCKEE,MCKEE
MERC TRUCK,UNREADABLE
MERCEDES,MERCEDES
MERCEDESB,MERCEDES
MERCEDES-B,MERCEDES
MERCURY,MERCURY
MERCURY TK,MERCURY
MG,MG
MIAMI,MIAMI
MICKEY,MICKEY
MINI,MINI
MINI.,MINI
MIRAGE ENT,MIRAGE
MITS TRUCK,MITSUBISHI
MITSU TK,MITSUBISHI
MITSUBISHI,MITSUBISHI
MONACO,MONACO
MONARK,MONARK
MOND,MOND
MONTEREY,MONTEREY
MOUNTAINV,UNREADABLE
NASKART,NASKART
NATIONALRV,NATIONAL RV
ND ROVER,LAND ROVER
NEWMAR,UNREADABLE
NISS TRUCK,NISSAN
NISSAN,NISSAN
NISSAN TK,NISSAN
NITRO,NITRO
NORTHWOOD,NORTHWOOD
NST,UNREADABLE
NTERNATI,INTERNATIONAL
NTERNATL,INTERNATIONAL
ODYSSEY,ODYSSEY
OLDS TRUCK,OLDSMOBILE
OLDSMOBILE,OLDSMOBILE
ORANGE BL,ORANGE
OTHER,UNREADABLE
OUTBACK,OUTBACK
PACE,PACE
PACKARD,PACKARD
PALOMINO,PALOMINO
PETERBILT,PETERBILT
PETTIBONE,PETTIBONE
PILGRIM,PILGRIM
PINES,PINES
PIONEER,PIONEER
PLAYBUOY,PLAYBUOY
PLYM TRUCK,PLYMOUTH
PLYMOUTH,PLYMOUTH
POLAPIS,POLARIS
POLARDYNA,POLARIS
POLARIS,POLARIS
PONT TRUCK,PONTIAC
PONTIAC,PONTIAC
PONTIAC TK,PONTIAC
PORSCHE,PORSCHE
PORSCHE TK,PORSCHE
PROLINE,PROLINE
PROWLER,PROWLER
R AND R,UNREADABLE
RAM,RAM
REGAL,REGAL
REIGHTLI,FREIGHTLINER
RENAULT,RENAULT
RENEGADE,RENEGADE
REXHALL,REXHALL
RIFUN,RIFUN
ROCKWOOD,ROCKWOOD
ROLLS ROYC,ROLLS-ROYCE
ROLLS-ROY,ROLLS-ROYCE
ROLLSROYC,ROLLS-ROYCE
ROLLS-ROYC,ROLLS-ROYCE
ROVER,LAND ROVER
SAAB,SAAB
SAFARI,SAFARI
SANDPIPER,SANDPIPER
SATURN,SATURN
SATURN TK,SATURN
SCION,SCION
SCOUT,SCOUT
SEA ARK,SEA ARK
SEA DOO,SEA DOO
SEA FOX,SEA FOX
SEA HUNT,SEA HUNT
SEA PRO,SEA PRO
SEA RAY,SEA RAY
SEADOO,SEA DOO
SEA-DOO,SEA DOO
SEARAY,SEA RAY
SEASWIRL,SEASWIRL
SILVERTON,SILVERTON
SKEETER,SKEETER
SKYLINE,SKYLINE
SMART,SMART CAR
SMART CAR,SMART CAR
SMOKERCRAF,SMOKER CRAFT
SPCON,UNREADABLE
SPORTSMAN,SPORTSMAN
SPORTSMEN,SPORTSMAN
SPYDER,SPYDER
STARCRAFT,STARCRAFT
STARFLYTE,STARFLYTE
STEAL,STEAL
STEENBERG,STEENBERG
STEHL,STEHL
STERLING,STERLING
STINGRAY,STINGRAY
SUBARU,SUBARU
SUBARU TK,SUBARU
SUNLINE,SUNLINE
SUNNYBROOK,SUNNYBROOK
SUNSEEKER,SUNSEEKER
SUNSETCRK,UNREADABLE
SUNTRACKER,SUNTRACKER
SURETRAC,SURETRAC
SURVEYOR,SURVEYOR
SUZUKI,SUZUKI
SUZUKI TK,SUZUKI
TAHOE,TAHOE
TAOTAO,TAOTAO
TENNANT,TENNANT
TERRY,TERRY
TETON HOM,TETON
TEXAS BRA,UNREADABLE
THOR,THOR
TIFFIN,TIFFIN
TIGE,TIGERLINE
TIGERLINE,TIGERLINE
TOATOA,UNREADABLE
TOYO TRUCK,TOYOTA
TOYOTA,TOYOTA
TOYOTA TK,TOYOTA
TRACKER,TRACKER
TRACKERMA,UNREADABLE
TRAILER,TRAILER
TRANSCRAFT,TRANSCRAFT
TRAVELSUP,TRAVELSUP
TRITON,TRITON
TRITON BOA,TRITON
TRIUMPH,TRIUMPH
TRLMANOR,UNREADABLE
ULFSTREA,GULFSTREAM
UNKNOWN,UNREADABLE
USEDTIRES,UNREADABLE
UTILITY,UTILITY
UTILMASTR,UTILMASTER
VANTAGE,VANTAGE
VICTORY,VICTORY
VIP,VIP
VOLKS,VOLKSWAGEN
VOLKS TK,VOLKSWAGEN
VOLKSWAGAN,VOLKSWAGEN
VOLKSWAGEN,VOLKSWAGEN
VOLKSWAGON,VOLKSWAGEN
VOLVO,VOLVO
VOLVO TK,VOLVO
VW,VOLKSWAGEN
WABASH,WABASH
WALL,WALL
WAR EAGLE,WAR EAGLE
WELLCRAFT,WELLCRAFT
WEST COAST,WEST COAST
WESTERN,WESTERN
WILDCAT,WILDCAT
WILDERNES,WILDERNESS
WILDWOOD,WILDWOOD
WILSON,WILSON
WINNEBAGO,WINNEBAGO
WORKHORSE,WORKHORSE
X,UNREADABLE
X GOLF CRT,UNREADABLE
XALUMACAR,UNREADABLE
XBLUEBIRD,BLUEBIRD
XCHEVY,CHEVROLET
XCLUB CAR,CLUB CAR
XCROSLEY,CROSLEY
XEZGO,EZ-GO
XFREIGHTLI,FREIGHTLINER
XHONDA,HONDA
XHUSQVARNA,HUSQVARNA
XINTERNATI,INTERNATIONAL
XINVADER,INVADER
XKAUFMAN,KAUFMAN
XMERCEDES,MERCEDES
XMIDAS,MIDAS
XNASH,NASH
XSEADOO,SEA DOO
XSHADOMATI,SHADOMATIC
XSTUDEBAKE,STUDEBAKER
XXXX,UNREADABLE
XXYALE,YALE
YALE,YALE
YAMAHA,YAMAHA
YSTONE,KEYSTONE
ZENN,UNREADABLE
ZZN,UNREADABLE
(blank),UNREADABLE
